Código Fabricante;Nome Fabricante;Url Carrossel;Ativo
870;DLINK;;sim
871;MINIPA;;sim
872;AQUARIO;;sim
873;PROELETRONIC;;sim
874;HIKARI;;sim
875;BRASFORT;;sim
876;HAYONIK;;sim
877;TENDA;;sim
878;EXBOM;;sim
879;Margirius;;sim
880;BEDINSAT;;sim
881;WAHL;;sim
882;AGRATTO;;sim
883;XIAOMI;;sim
884;MULTIVISÃO;;sim
885;C3TECH;;sim
886;ORIGINAL PETER;;sim
887;2FLEX;;sim
888;Trovarelli;;sim
889;Floratta Joias;;sim
890;SATY;;sim
891;MULTILASER;;sim
892;DURACELL;;sim
893;SECPOWER;;sim
894;UNIPOWER;;sim
895;STORM;;sim
896;MEGATRON;;sim
897;TS SHARA;;sim
898;FURUKAWA SOHOPLUS;;sim
899;FORTREK;;sim
900;TRANSCEND;;sim
901;YAMAHA;;sim
902;HARMONICS;;sim
903;GIANNINI;;sim
904;TAKAMINE;;sim
905;SANTO ANGELO;;sim
906;RONTEK;;sim
907;GENERICO;;sim
908;THUNDERX3;;sim
909;AEROCOOL;;sim
910;ORION;;sim
911;JBL;;sim
912;CASIO;;sim
913;FENDER;;sim
914;PLANET;;sim
915;Infokit;;sim
916;ASK;;sim
917;VENTISOL;;sim
918;PHILIPS WALITA;;sim
919;YUHUAN;;sim
920;MAXELETRON;;sim
921;SG;;sim
922;ELIXIR;;sim
923;D'ADDARIO;;sim
924;PHILIPS SAECO;;sim
925;CONTROLLER;;sim
926;SENNHEISER;;sim
927;TELEFUNKEN;;sim
928;PHILIPS;;sim
929;AKG;;sim
930;FELITRON;;sim
931;FUSIBRAS;;sim
932;HP;;sim
933;LESON;;sim
934;Móveis Trovarelli;;sim
935;Trovarelli Móveis;;sim
936;Refit;;sim
937;SOUNDCRAFT;;sim
938;KARSECT;;sim
939;VOKAL;;sim
940;FLEX;;sim
941;LIVERPOOL;;sim
942;CHERUB;;sim
943;PHX;;sim
944;TOSHIBA;;sim
945;OUROLUX;;sim
946;Florata Joias;;sim
947;MOTOROLA;;sim
948;CAST;;sim
949;BEST;;sim
950;BRASFORMA;;sim
951;SUMAY;;sim
952;STAY;;sim
953;PANASONIC;;sim
954;PLUS CABLE;;sim
955;CROWN;;sim
956;teste;;sim